Name,ID,Geometry,X,Y
 Kanjedza Police  Clinic,Phf46V2Gghq,POINT ,35.048525,-15.815721
 Makadam Pvt Clinic,jpKor9OWp56,,,
Aa-salam Clinic,e1iVoquOKVT,POINT ,35.19221,-14.54537
Achikondi women community ,q9qra0ng8xZ,POINT ,33.7793,-13.95473
Admarc Dispensary,jtid6arDY0M,POINT ,34.46243,-13.78623
Adventist Health Centre,E3kLgwow7On,POINT ,33.7793,-13.95473
African Bible College Health Centre,zYfP0gkHRJH,POINT ,33.74129,-13.96816
Ahi Private Clinic,VoTfUk9ncoD,POINT ,35.3223,-15.38361
Airwing Clinic,V7m6S5TIpqf,POINT ,33.69679,-13.96162
Airwing Clinic (Zomba),FLu5HmxHlNM,,,
Akasale Pvt Clinic,qNuRHXJ2P3m,POINT ,35.11493,-15.7596
Alinafe Community Hospital,Y46sxDDIkfz,POINT ,34.24292,-13.38789
Alliance One Clinic,wDyK6ODo0vg,POINT ,33.80108,-13.89571
Alumenda Health Centre,NG36oCEzUcC,,,
Amalika Dispensary,lIGQGBEICWx,POINT ,35.03183,-15.99203
Anchor Farm Health Centre,lXEN2NtidAc,,,
Area 18 Medi Clinic ,sXNwy8bRFub,POINT ,33.77083,-13.94454
Area 18 Urban Health Centre,h2ls2FUTYDc,POINT ,33.78051,-13.94131
Area 25 Banja La Mtsogolo Dispensary,CbwhI6UruPB,POINT ,33.76206,-13.89488
Area 25 Urban Health Centre,mFfOvxjq4y2,POINT ,33.77465,-13.89272
Area 30 Police Clinic,LAO8ozAkDKO,POINT ,33.78419,-13.9279
Area 36 Private Clinic,jXwJTKL2NOh,,,
Atupele Community Hospital,WZ18joAt6xW,POINT ,33.83744,-9.73682
Auction Holdings Clinic Kanengo ,RpvcgQPC14I,POINT ,33.79952,-13.89089
Balaka District Hospital,R96XZz9y9Ji,POINT ,34.94959,-14.98498
Balaka Dream Clinic ,aMWj5wusSxW,POINT ,34.95248,-15.00322
Balaka OPD Health Centre,XysHbVxy3XW,POINT ,34.96164,-14.99119
Bangwe BLM Clinic,xidxjaQqU54,POINT ,35.08006,-15.83121
BANGWE DIC,NuOdab4jvON,,,
Bangwe Health Centre,Z4phqEA2Pcr,POINT ,35.080477,-15.823832
Banja care clinic,jL2JbGhQz9r,,,
Banja La Mtsogolo,xEqkHLDUMPx,,,
Banja La Mtsogolo Mzuzu,Sb8xVmXyL5p,POINT ,34.01638,-11.45612
Baylor Childrens Centre Of Excellence In Malawi ,yl49po4W4F7,,,
Bembeke Health Centre,spQpsut9f1B,POINT ,34.42432,-14.35825
Benga Health Centre,n6UZ8o9yo6L,POINT ,34.27404,-13.36846
Bereu Dispensary,FO0kNPmm5E9,POINT ,34.85376,-16.15199
Bethsaida Private Hospital ,zdVWMYRfufn,POINT ,33.79202,-13.93387
Bilal Dispensary,KxcbdpaFBia,POINT ,35.13047,-15.74149
Bilira Health Centre,pPHM09AVDAS,POINT ,34.85134,-14.82489
Billy Riordan Memorial Health Clinic,qQOkofJwpxB,POINT ,34.84044,-14.03205
Bimbi Health Centre,gS8A33Rsqjr,POINT ,35.4794,-15.30876
Biriwiri Health Centre,K9CYAs4mo5E,POINT ,34.638306,-14.817
Biwi Health Centre,fxSjk6Zaksj,,,
Blantyre Adventist Hospital,VOnPaWYUVJK,POINT ,35.003089,-15.782349
Blantyre City Assembly Clinic ,kAU4FFex0Pa,POINT ,35.03895,-15.80333
Blantyre Civic Centre Dispensary,PlWhhBj3LXE,POINT ,35.03403,-15.80328
Blantyre DHO Mobile Clinic,SSD4mvMj5fu,,,
Blantyre Dream Project,BYyTYjcnELU,POINT ,35.01273,-15.79182
Blantyre Water Board Clinic,mHcl2OS43ah,POINT ,35.03811,-15.7953
Blessings Hospital ,Y8mjMFSYoPw,POINT ,33.81707,-13.79099
BLM Family Planning Clinic,oqM5ZFHyymE,,,
Blm Karonga,XbhazSb57LF,POINT ,33.92436,-9.94027
Blm Lunzu,ILDhbeuLBtX,POINT ,35.02028,-15.65114
Blm Mzimba,eRFNJ66WIWi,POINT ,33.59402,-11.89882
Blm Nkhatabay ,QsSrtfLO11f,POINT ,34.29899,-11.60907
Blm Rumphi ,x8xrWAL5gAZ,POINT ,33.85523,-11.02279
Blm Zomba ,ODxMk91ZMph,POINT ,35.31989,-15.38919
Bolero Rural Hospital,Oc3g2Wv2s5M,POINT ,33.74342,-10.97843
Bondo Health Centre,XUpPIr0oxZ5,POINT ,35.61388,-16.04267
Bowe Health Centre,glIscvEdIJz,POINT ,33.68392,-13.27878
Bua Health Center (Nkhotakota),BQ3aLnP32uB,POINT ,34.20971,-12.7967
Bua Health Centre (Kasungu),T118NxiYoIL,POINT ,33.53859,-13.29403
Bula Health Centre,H8jU8sCWscO,POINT ,34.12324,-11.22268
Bulala Health Centre,hDkZbRiskMg,POINT ,33.44798,-11.6781
Bunda Clinic,sTbvB4c8oX1,POINT ,33.77554,-14.18038
Bvumbwe Health Centre,c2h7xIrYLsw,POINT ,35.07786,-15.92823
Bvumbwe Research Health Centre,rhk8NxfYxDu,POINT ,35.06808,-15.8903
Bwaila Hospital,XtF7Xzv3edv,POINT ,33.77561,-13.99164
Bwanje Health Centre,LqUvHvI2ifc,POINT ,34.77445,-14.64857
Bwengu Health Centre,jn7xfbY43dS,POINT ,33.91646,-11.06356
Cape Maclear Dispensary,fQkT0hCVsMg,,,
Care Medical Clinic,m3l82LkwIyc,POINT ,34.00696,-11.46036
Care Private ClinicAnd Dental Surgery Art,bnjsICNDB9L,POINT ,33.92297,-9.93942
Carlsberg / Sobo Clinic Lilongwe ,RgWEk9xdDv2,POINT ,33.79697,-13.90107
Carlsberg / Sobo ClinicBlantyre,Lx9CrjbHms2,POINT ,35.03468,-15.79367
Cck Health Clinic & Diagnostic Centre ,peJm0gcxzFw,POINT ,33.75233,-13.98302
CEDEP,wg7oZKW3WxE,,,
Central East African Railways Clinic,LcMpQWnS27k,POINT ,35.0633,-15.81536
Central Health Clinic Area 47 ,IFUSwNgJdi7,,,
Chabvala Health Centre,grfnmKmWiJ9,POINT ,34.834342,-15.833894
Chadza Health Centre,cnyjtiMcC1D,POINT ,33.84167,-14.14715
Chagunda,fe9EboFXU0V,POINT ,34.36721,-13.88028
Chakhaza Health Centre,SL1ePpPFaki,POINT ,33.64676,-13.44421
Chamama Health Facility,LmCUb5UShy6,POINT ,33.776861,-12.924306
Chamba Health Centre (Machinga),lNsSSuNKbIP,POINT ,35.42137,-15.20234
Chamba Health Centre (Zomba),T9SOI57r1OF,POINT ,35.51662,-15.46571
Chambe Health Centre,Ln1grpEjzuK,POINT ,35.49075,-15.90334
Chambo Health Centre,h9csPxuoZUo,POINT ,33.39795,-9.94361
Chambwe Health Centre,Dl6P4C549hR,,,
Champiti Health Centre,l86AxfTg26J,POINT ,34.73185,-14.90241
Chamwabvi Dispensary,nN7JVSObAf7,POINT ,33.655657,-13.195087
Chancellor College Clinic ,xt7sSjNqHjP,POINT ,35.33213,-15.38533
Chang'ambika Health Centre,Ca0b3h49Loo,POINT ,34.30928,-15.80301
Changalume Barracks Clinic(Muluzi),lOis6dAt7D0,POINT ,35.21184,-15.3896
Changata Health Centre,SnNGsSfYB0h,POINT ,35.14768,-16.23248
Chankhungu Health Centre,cZkBc7Ri1HF,POINT ,34.01471,-13.76492
Chaone Health Centre,AalwV4ZrGDO,,,
Chapananga Health Centre,T3V75V8sfxa,POINT ,34.48567,-16.00551
Chasolo Dispensary,eqOmVn7lock,POINT ,33.900006,-13.050903
Chesamu Health Centre,zxDIIqsUrk8,POINT ,34.01836,-11.85422
Chezi Dispensary,salIVfMt9RA,POINT ,34.03739,-13.72553
Chichiri Escom Clinic,uMLl8OkWfHS,POINT ,35.02444,-15.79342
Chichiri Prison,vlYFnmt9KW7,POINT ,35.03264,-15.80597
Chichiri Prison Clinic,UkdRIbdSZw5,POINT ,35.03242,-15.80577
Chididi Health Centre (Nkhotakota),RViCF6QIybs,POINT ,34.31474,-13.08573
Chididi Health Centre (Nsanje),WG3SI4hkJFF,POINT ,35.17333,-16.91495
Chifunga Health Centre,pciHYsH4glX,POINT ,34.69892,-15.59825
Chigodi Health Centre,ShsLuR0OWt2,POINT ,34.54126,-14.49194
Chigumula Clinic,Hger69iTvVS,,,
Chikande Health Centre,fmvjc3pgmee,POINT ,34.90768,-14.77261
Chikangawa Health Centre,eEEYKm78UBf,POINT ,33.78759,-11.84362
Chikole Dispensary,KjntOeutm1x,POINT ,35.38427,-14.422
Chikowa Dispensary,fwew5LFgo0P,POINT ,34.720365,-14.959101
Chikowa Health Centre (Blantyre),Keuq4t91SIs,POINT ,34.87172,-15.67133
Chikowa Health Centre (Lilongwe),TJjz5jiFlqF,POINT ,33.45821,-13.72929
Chikuse Health Centre,Y4kaJs4jbod,POINT ,34.31881,-14.15069
Chikwawa District Hospital,JQw6oDs7C6C,POINT ,34.79346,-16.0231
Chikweo Health Centre,teLlh1E6CxB,POINT ,35.66691,-14.7655
Chikwina Health Centre,QlnCjd3M0E1,POINT ,34.16973,-11.39694
Chilambwe Health Centre,bNcnSc6bFll,POINT ,34.31617,-11.69114
Chilanga Health Centre,Q6dBdTXnxWu,POINT ,33.48681,-13.1026
Chilaweni,WehVfN1t0Aa,,,
Child Legacy Health Centre,jg1ZTgMBMGt,,,
Chileka Health Centre,OXaQtzbzMoy,POINT ,34.970663,-15.682466
Chileka Health Centre (Lilongwe),iiBtWzxLMUo,POINT ,33.38544,-14.02102
Chileka Health CentreLilongwe ,s0o7fcIgDh5,POINT ,33.38544,-14.02102
Chileka Sda Health Centre,v0GaaWRKm61,POINT ,34.929188,-15.660077
Chilengo Dispensary,WwPvmR6RGUw,,,
Chilipa Health Centre (Mangochi),fwUSM7rJllv,POINT ,34.9732,-14.6996
Chilipa Health Centre (Zomba),biJPVK5IRJn,POINT ,35.11715,-15.32447
Chilobwe Majiga Health Centre,Xx5fmiIR0fW,POINT ,33.37439,-13.85467
Chilomoni BLM Clinic,kdClQ6xlOfO,POINT ,34.98048,-15.7757
Chilomoni Health Centre,DAueKP2YUvT,POINT ,34.98148,-15.771294
Chilomoni Private Clinic,J7tslE7mZww,,,
Chilonga Health Centre,Px30WvhGQQf,POINT ,34.87097,-14.46684
Chilumba Barracks Health Centre,Z6krawIPDu7,POINT ,34.20897,-10.39021
Chilumba Rural Hospital,uHPXBdcz85N,POINT ,34.25193,-10.43199
Chima Health Centre,zrabwOPiaCV,,,
Chimaliro Health Centre,WraUiby57xZ,POINT ,35.18162,-15.97706
Chimatiro Health Centre,Qt4jxB7puZZ,POINT ,35.023092,-14.962681
Chimbalanga Health Centre,JCrM0zdamqT,POINT ,34.12567,-13.9358
Chimembe Health Centre,ZaZEarjsHQX,POINT ,34.885395,-15.777547
Chimoto Health Centre,VbO2d6WVW6Q,POINT ,34.01021,-14.44268
Chimvu Health Centre,G5HX22BSHz2,POINT ,35.12308,-15.94198
Chimwala Dispensary,REoFvVbcLG0,POINT ,33.79419,-14.05121
Chimwamkango Dispensary,ZOUGIF58iaF,POINT ,32.99357,-13.40461
Chimwawa Health C,IeJAi0sDcso,,,
Chinamwali Private Clinic,alk7M7pmalI,POINT ,35.35584,-15.3816
Ching'oma Dispensary,AnxpWhqWpXn,POINT ,35.109333,-16.999306
Chingale Health Centre,o0hXXoxJnMI,POINT ,35.1808,-15.39694
Chingazi Health Centre,mTERmNgVCmE,POINT ,35.20595,-15.91842
Chinguluwe Health Centre (Ntchisi),Pl1TeNOgCAr,POINT ,33.86851,-13.26166
Chinguluwe Health Centre (Salima),EiQqa3YIjqD,POINT ,34.38503,-13.66454
Chinkhande Health Centre,bRJ30NqgRUt,POINT ,33.973818,-13.466516
Chinkhwiri Health Centre,RTw32nxbRoB,POINT ,33.72106,-13.38557
Chinthebe Dispensary,P4Z5FpCJ4Ri,POINT ,35.01294,-16.00218
Chintheche Rural Hospital,jkmHTPe5MLQ,POINT ,34.16836,-11.82719
Chinthembwe Health Centre,QZm8o1i8tW4,POINT ,33.97527,-13.43326
Chinyama Dispensary,dCOqnRxMAXD,POINT ,33.8058694,-12.978284
Chinyama Health Centre,TxWRIMbBOpS,POINT ,35.34094,-16.15665
Chiole Dispensary,jnrlLIULfCR,POINT ,34.64265,-14.79743
Chioshya Health Centre,RNuiMEnAfC1,POINT ,33.175152,-13.795993
Chipho Health Centre,xJQqTtpdsHP,POINT ,35.110222,-16.171528
Chipini Health Centre,imXmafCgb5n,POINT ,35.09531,-15.39007
Chipoka Health Centre,wrDImy8FHpR,POINT ,34.51545,-13.98973
Chiponde Dispensary (Mangochi),VphQvehsaVR,POINT ,35.6017,-14.37341
Chipumi Health Centre,eNs19G9xMyc,POINT ,33.081532,-13.625294
Chipwaila Health Centre,pkMXL4XF9ie,POINT ,34.77572,-16.39842
Chipwanya St Josephs Health Centre,WiVCsIgUw2D,POINT ,34.2536,-14.07547
Chiradzulu District Hospital,lsrGqZfICKm,POINT ,35.17419,-15.71072
Chirimba Health Centre,tDldFfYwnS1,POINT ,35.022984,-15.746368
Chiringa Health Centre,pmteRCqzbeC,POINT ,35.76216,-15.76583
Chiringa Maternity,sqMFC2sNuGZ,POINT ,35.76965,-15.77213
Chisala Health Centre,QX85XzKEJjg,POINT ,34.12201,-11.57458
Chisamba Health Centre,u4rZsnqp9bD,POINT ,34.400132,-13.784275
Chisansu Health Centre,u57H3XRjoRa,POINT ,33.454279,-9.730938
Chisepo Health Centre,pw9cneMv5fA,POINT ,33.47017,-13.63492
Chisi Health Centre,rtb22Ro8Gez,POINT ,35.60506,-15.32562
Chisitu Health Centre,PWPeexIOdmn,POINT ,35.4326,-16.00103
Chisoka Health Center (Closed),Lb0qop7gLSH,,,
Chisoka Health Centre,T3MNLfsBtT4,POINT ,35.20879,-15.94181
Chisunga Dispensary,LdZk69me50d,,,
Chitala Health Centre,d92FGpiO9lP,POINT ,34.27174,-13.67161
Chitawira Private Hospital ,mTaqm2jDRGp,,,
Chitedze Health Centre,Xc3odqjv7h0,POINT ,33.64529,-13.97684
Chitekesa Health Centre,u4mqH5iShLL,POINT ,35.57244,-15.55218
Chitera Health Centre,mxsHHN4zZft,POINT ,35.12306,-15.60646
Chitheka Health Centre,Sf6KvkaT3UQ,POINT ,33.95147,-11.70191
Chithumba Health Centre,KkApQFpVIaQ,POINT ,34.47629,-15.80369
Chitimba Health Centre,rdHVTY312fc,POINT ,34.17026,-10.59808
Chitipa District Hospital,qzGX4XdWufs,POINT ,33.2659,-9.70159
Chitowo Health Centre,b3OduOhZKuu,POINT ,34.03961,-14.22584
Chitsimuka Health Centre,AMklHWTt6sX,POINT ,33.55751,-10.76924
Chiumbangame Dispensary,ybAxvKHkzhK,POINT ,35.55721,-14.31739
Chiunda Dispensary,y87TEluIKWT,POINT ,35.43901,-14.77744
Chiunjiza Health Centre,HTfgCPyMHUx,POINT ,33.4013,-14.24322
Chiwamba Health Centre,RDvTBoMA8m4,POINT ,33.92926,-13.8571
Chiwe Health Centre,vCGIve5RtyE,POINT ,33.39862,-13.90738
Chiwoza Health Centre,ivq1pAeZs5o,,,
Chiyendausiku Health Centre,HrQHweMv09u,POINT ,35.07653,-15.01855
Chizolowondo Health Centre,e1HOrMxNhpf,POINT ,33.51328,-13.46336
Chizumulo (St Marys) Health Centre,Kzo3T3VQUwH,POINT ,34.62425,-12.02934
Chizumulo St Marys Health Centre,XXjX57Xslam,POINT ,34.62425,-12.02934
Choma Health Centre,cIJ6LCvgpw0,POINT ,33.99327,-11.31318
Chonde Rural Hospital,TusMbw27jzb,POINT ,35.32333,-15.99708
Chongoni Health Centre,LkjXIWw5W9v,POINT ,34.26677,-14.31971
Chulu Health Centre,n18VsHigwU8,POINT ,33.30816,-12.82192
City Assembly Dispensary,cKd7jidUXBo,POINT ,33.77144,-13.98925
City Centre Clinic,lAWnwgQl9RP,POINT ,33.7839,-13.95666
City Clinic Zomba,DMxPrQcg4z4,POINT ,35.32416,-15.39072
Cobbe Barracks Hospital,rzzi29nBvbs,POINT ,35.30534,-15.39094
COM,oaFSwssdXYp,,,
Comfort Health Centre,JaTdpYBBV5m,POINT ,34.95244,-15.00318
Concerned Youth Organisation,VDu3RkKQEZb,,,
COPRED,w2BaEat71Qr,,,
Daeyang Luke Hospital,LKsJWFXsxOB,POINT ,33.80867,-13.87684
Dai Halima (Bangwe Madina),OV47ojciSpV,,,
Dambe Health Centre,EiLdri7MySb,,,
David Gordon Memorial Hospital (Livingstonia Mission Hospital),FoWBNiRRWnB,POINT ,34.1109,-10.60467
David Gordon Memorial Hospital(closed),Jkj2HAJ5db9,,,
Dedza District Hospital,K5sEB29YW3W,POINT ,34.33547,-14.38596
Diamphwe Health Centre,BWBOtEvaMkr,POINT ,34.08124,-14.13232
Dickson Health Centre,aKJzwDfSJqM,POINT ,33.65885,-14.26626
Didi Health Center (Closed),AJu1RgcA1JG,POINT ,34.99722,-16.10202
Didi Health Centre,AkP3EOq0hGk,POINT ,34.98999,-16.06096
Discovery Medi Clinic ,saJaR27j6yW,POINT ,33.79159,-13.95818
Dolo Health Centre,SOwb9qUKJnt,POINT ,34.92423,-16.55349
Domasi College Clinic,mZRwUTkeUC1,,,
Domasi Rural Hospital,U0YwDhBOZeY,POINT ,35.39935,-15.28099
Doviko Dispensary,kG4jZtoHH8f,POINT ,34.59094,-15.0822
Dowa District Hospital,F4aQvPL4c5a,POINT ,33.93625,-13.65432
Dr David Livingstone Memorial Clinic,KvtV3ZtJGyR,POINT ,33.78813,-13.98173
Dr Msachi's Clinic ,O7D48utczxD,POINT ,34.01714,-11.45771
Dream,xhINxzjVJ0c,,,
Dwambazi Rural Hospital,GFQSwXAzql8,POINT ,33.99194,-12.23405
Dwangwa Cane Growers Limited Dispensary,w6VRxc89b5K,POINT ,34.1191,-12.52114
Dwangwa Health Centre,n89uKexauZq,POINT ,33.4537,-12.88142
Dzalanyama Dispensary,pveDNK0q3s7,POINT ,33.44469,-14.24936
Dzaleka Refugee Camp Health Centre,b1RogeavIPD,POINT ,33.87042,-13.66168
Dzenje Health Centre,nMp06ehwoOX,POINT ,35.40558,-16.11695
Dzenza Health Centre,hpUbeZgjQkx,POINT ,33.74689,-13.87598
Dzimbiri Dispensary,phlM33pe5Bz,POINT ,34.99722,-16.102022
Dzindevu Health Centre,QL1C4nvZVLn,POINT ,34.35998,-14.20004
Dziwe Health Centre,axZoBBHwZo2,POINT ,35.140784,-15.102454
Dziwe Health Centre,hnbxxugq3Ds,POINT ,34.88037,-15.563612
Dzonzi-Mvai Health Centre,fH7hgQtTEvy,POINT ,34.64306,-14.94827
Dzoole Health Centre,lykzV97DJgq,POINT ,33.66156,-13.58537
Dzunje Dispensary,mxlb6XxX6cp,POINT ,34.73608,-14.80787
Edingeni Rural Hospital,gWTmNAQxkV8,POINT ,33.31295,-12.04072
Ehehleni Dispensary,RdbkvuyiIKf,POINT ,33.58912,-12.2621
Ekwaiweni Health Centre,AlGl0pjBwFS,POINT ,33.89766,-11.42309
Ekwendeni Mission Hospital,jcv5nI6bzTq,POINT ,33.88342,-11.37156
El-barakah Private Clinic,NFzZGVmGCoN,,,
Embangweni Hospital,ySElKKfe6yc,POINT ,33.47681,-12.13665
Emfeni Health Centre,ihG7TCzUsYI,POINT ,33.60976,-12.59406
Emsizini Health Centre,HFKrnnX40ZR,POINT ,33.82485,-11.44435
Endindeni Health Centre,J3iNTezM5iw,POINT ,33.5561,-11.75818
Engucwini Health Centre,Tt5yMX4YCYJ,POINT ,33.82314,-11.19761
Enukweni Health Centre,nmptn9bUYXv,POINT ,33.88592,-11.18005
Enukweni Mission Health Centre,OvpduRMmYdH,,,
Escom Clinic Lilongwe,ahOuLxBrycV,POINT ,33.77192,-13.99195
Escom Clinic Mzuzu ,xmlMKVGErR7,POINT ,34.02275,-11.46287
Euthini Rural Hospital,a7zgH8mf2GX,POINT ,33.41925,-11.45836
Eva Demaya Centre ,crKYTgv7r7B,POINT ,33.64862,-10.96002
Extending Hope Clinic,uy5BU4EEAG8,,,
Falls Banja La Mtsogolo Dispensary,vYMYW6T4t1J,POINT ,33.77897,-13.99646
Fanuel Dispensary,faV6jPVs9bj,,,
Fidelity Private Clinic,G1n34alnula,,,
Fpam Clinic Kasungu,lcGa2ZnUlen,,,
Fpam Clinic Kawale,xH7lnew9T1J,POINT ,33.79949,-13.99076
Fpam Clinic Mzuzu,OfoleksJLJl,,,
Fpam Clinic Neno,niuHkgX6xQs,,,
Fpam Clinic Ntcheu,OLX4puVMTHb,POINT ,34.62561,-14.80935
Fulirwa Health Centre,UNLZJ1Nr3sq,POINT ,34.11211,-10.44772
Gaga Health Centre,ilA4dQOCNDP,POINT ,34.36487,-15.80678
Ganya Health Centre,eWHvY4VmR4R,POINT ,34.61808,-14.60964
Gate way Clinic,rBhHYqxxhyM,POINT ,35.017828,-15.804572
Gawanani Health Centre,GEb1hObhM4q,POINT ,35.20293,-15.2238
Gika Clinic,VGwB7sXLiHF,POINT ,33.76435,-13.8965
Ginnery Corner BLM,ZatKYtoIX0O,,,
Gogo Nazombe health centre,cTMzhKP8OCf,POINT ,35.77498,-15.75233
Gogode Health Centre,HcsIEmls8R2,POINT ,33.56134,-12.88773
Gola Dispensary,u4cfHib3TrT,POINT ,34.29931,-15.88397
Golomoti Health Centre,DuvCctg3dhx,POINT ,34.60092,-14.41303
Gombe Health Center,fCCBqUju3Q4,POINT ,35.23061,-16.38347
Good Hope Private Clinic ,Rs15DgnA3YP,POINT ,33.76453,-14.00656
Gowa Health Centre,LDtggHdyRks,POINT ,34.58992,-14.69897
Grace Health Centre,v1vDgkOvZ0w,POINT ,34.208915,-13.762986
Guilleme St Michaels Mission Hospital,oT0jXXNSmag,POINT ,33.07557,-13.88998
Gumba Dispensary,qUpaRCpnoux,POINT ,33.11137,-13.42125
H Parker Sharp Dispensary,KhuXq8PnptT,POINT ,35.36092,-15.29912
Hallena Oakely Health Centre,v6gj70cBiQE,POINT ,35.08457,-16.12668
Hara Dispensary,T13U7sHC0v2,POINT ,34.16939,-10.48876
Hoho Health Centre,ypiAvIrP9U6,POINT ,33.6864,-12.27815
Hope Clinic,SPMuhBNeqHY,,,
Iba Dispensary,FZw4GOFV5X0,POINT ,35.39707,-14.30711
Ifumbo Health Centre,LLnCuwo5RNG,POINT ,33.40495,-9.60436
Illovo Factory Clinic,qhmT1RSZunv,POINT ,34.89181,-16.25773
Iponga Health Centre,tyuN9XbfRHQ,POINT ,33.81253,-9.64605
Jalasi Health Centre,s935PXX4rN2,POINT ,35.44253,-14.36298
Jalawe Health Centre,rWDOWogc1O7,POINT ,34.16172,-10.73052
Jenda Health Centre,Mf6Xg1PJ7hC,POINT ,33.54755,-12.35206
Jti Leaf Clinic Kanengo ,PekPpdgGi9g,POINT ,33.80487,-13.8898
K2 Taso Clinic,RcC6kifTBcF,,,
Kabudula Rural Hospital,O6y74hiWU9z,POINT ,33.44838,-13.81972
Kabuwa Health Centre,ZDj4Y2Flile,POINT ,34.07395,-12.51726
Kabwafu Health Centre,sZJvRZgWusR,POINT ,33.52556,-11.30869
Kachere Health Centre,veqbrdZo1K1,POINT ,34.04961,-12.00327
Kachere Private Clinic,XyrCQrwYHQt,POINT ,33.81734,-14.00511
Kachindamoto Dispensary,UoujHkWWWBq,,,
Kadango Dispensary,IRP5VaILlSr,POINT ,35.18629,-14.06223
Kadidi Health Centre,cLY2A4m8Jn0,POINT ,35.02212,-15.66083
Kafele Health Centre,LGvOkReAslr,POINT ,33.71746,-14.43168
Kafukule Health Centre,U0T5lPrgVEY,POINT ,33.63395,-11.4575
Kaigwazanga Health Centre,fELrRZgvyHN,POINT ,32.928289,-13.626766
Kakoma Health Centre,sYY0PQEhVU1,POINT ,34.62398,-16.09819
Kakwale Health Centre,fhlpdEEnGrQ,POINT ,33.571168,-12.489228
Kalemba Health Centre,OyDhmxtA7nb,POINT ,35.11207,-16.57572
Kalembo Health Centre,KNQ4RzNnZ6v,POINT ,35.17081,-14.84268
Kalikeni Private Clinic ,GcRdYduUYh0,POINT ,33.48138,-13.0389
Kalikumbi Health Centre,ZROS5WSviIN,POINT ,33.33352,-12.2038
Kalima Village Clinic,ZncuS3YlCAN,,,
Kalimanjira Health Centre,K26cW6KAhFP,,,
Kalinde Health Centre,uzaw4ubBdwd,POINT ,35.72838,-15.67187
Kalulu Health Centre,a8NnsOmXWK7,POINT ,34.19753,-13.99695
Kalulu Illovo Clinic,sXL607jX6A9,POINT ,34.91164,-16.24144
Kaluluma Rural Hospital,BOEaJ4eqVC9,POINT ,33.51859,-12.57759
Kambenje Health Centre,UzxhcPn4QZG,POINT ,35.56394,-15.85308
Kamboni Health Centre,cez54P9k6OJ,POINT ,33.18189,-13.30759
Kameme Health Centre,gil9su99LXX,POINT ,33.13134,-9.54425
Kamforzi Dispensary,uh5ltc6TZm9,,,
Kampanje Maternity,AzbGHKq4K1A,POINT ,34.58684,-14.59947
Kamphata Dispensary,DzmTX22yCZc,POINT ,35.21658,-17.0468
Kamsonga Health Centre,m9IaQF4jaPL,POINT ,33.79949,-13.27411
Kamteteka Health Centre,QM6V7PDrfLM,POINT ,33.35892,-11.83649
Kamuzu Academy Clinic,wKP5w5OcIFj,,,
Kamuzu Barracks Dispensary,P6q5ZIrXGAM,POINT ,33.82105,-13.98131
Kamwe Health Centre,ncumVqRrCMN,POINT ,33.78911,-11.10265
Kande Health Centre,zA0iPC953jV,POINT ,34.10944,-11.93641
Kandeu Health Centre,QIjZYskL19K,POINT ,34.61621,-14.60262
Kanengo Tobacco Processors Clinic ,PKEeM8l1Sym,POINT ,33.80639,-13.902
Kang'Oma Health Centre,o1ZjuUmv5aQ,POINT ,33.88219,-13.97817
Kangolwa Health Centre,OZNe80Ws0on,POINT ,34.07048,-13.37046
Kankao Health Centre,HmTVrgdnucu,POINT ,34.92264,-15.05425
Kanyama Health Centre,UwBTf92fAib,POINT ,34.32356,-14.24015
Kanyezi Health Centre,U6sLs3tOzpC,POINT ,33.95303,-14.31391
Kanyimbi Dispensary,AbJbZQt4UJs,POINT ,34.967,-16.69453
Kaombe Dispensary,Qw8SEqwTxHk,POINT ,33.964,-13.22211
Kaongozi Dispensary,eK4PmFIrpY5,POINT ,34.04998,-12.43665
Kapanga Health Centre,H2ErYfEdioK,POINT ,33.306308,-14.059995
Kapelula Health Centre,dy2GeuSwyIq,POINT ,33.87086,-12.87767
Kapenda Health Centre,NItIjAcYO8y,POINT ,33.24911,-9.49394
Kapeni Dream Centre ,NvxhlNwKlXK,,,
Kapeni Health Centre,D9w3urb7GKR,POINT ,34.77059,-15.00511
Kaphatenga Health Centre,yM9bkHicOua,POINT ,34.38418,-13.76222
Kaphuka Health Centre,wGMlG6WZZ4q,POINT ,34.19001,-14.16013
Kapichila (ESCOM) Health Centre,xYv4hTyV9mX,POINT ,34.757739,-15.895103
Kapichira EGECO Clinic,L05pebPpoWP,,,
Kapire Dream Centre ,TZ4Ea3gK3yA,POINT ,34.99902,-14.786
Kapire Health Centre,bOzeauFIWQA,POINT ,34.99945,-14.78576
Kapiri Health Centre (Nkhotakota),sQnNX5Nbvu7,POINT ,34.31136,-13.21616
Kapiri Mission Hospital,ekYnKIXnPPj,POINT ,33.17383,-13.56214
Kaporo Rural Hospital,mqNSnMB7fgW,POINT ,33.87466,-9.76756
Kapyanga Health Centre,D7QhLNJChdq,POINT ,33.787522,-12.82425
Karonga District Hospital,tjHJZDgKu6q,POINT ,33.91113,-9.95545
Kasalika Dispensary,TrYObnlA8UT,POINT ,33.49866,-13.03985
kasembereka Health Centre,nWuBchw9R6C,,,
Kasese Health centre,JX6hyvnBrlF,POINT ,33.57629,-13.33338
Kaseye Mission Hospital,mTqGek9GBbM,POINT ,33.37361,-9.66644
Kasina Health Centre,PCWfXe1C9hK,POINT ,34.13183,-14.143
Kasinje Health Centre,kW3Ro43YXwB,POINT ,34.67642,-14.52315
Kasinthula Dispensary,QBRXRxcbT0a,POINT ,34.81651,-16.07416
Kasitu Dispensary,qX2CrzT4TL1,POINT ,34.0343,-12.30938
Kasoba Health Centre,VDMYQuQPz2N,POINT ,33.86972,-9.87355
Kasungu District Hospital,wNoaGHOI6Zl,POINT ,33.48041,-13.03579
Katawa Health Centre,vvgvKSNrelJ,POINT ,34.31801,-13.71314
Katchale Health Centre,SUO29yrjbH4,POINT ,33.90782,-14.2836
Katema Health Centre,gNaXoVYpN1v,POINT ,35.03761,-14.52563
Katete Rural Hospital,YABJoiuXQMB,POINT ,33.61421,-12.34592
Katili Dispensary,nrK4dEVDNdL,,,
Katimbila Health Centre,Fz0tDlXVsn3,POINT ,34.21737,-12.75694
Katowo Rural Hospital,TgIZdG9r95r,POINT ,33.52222,-10.81278
Katsekera Health Centre,Mby0tOuLfvm,POINT ,34.64072,-15.03336
Katuli Health Centre,fA8higAcbmz,POINT ,35.44476,-14.17962
Kaundu Health Centre,H0sBidyA6PK,POINT ,34.62839,-14.29368
Kavuzi Cumnock,vCIQ1SbW5X4,,,
Kavuzi Health Centre,g7LNUVG1pQA,POINT ,34.08166,-11.93641
Kawalazi Plantation Clinic,UT6ad8gmKjC,POINT ,34.10983,-11.64406
Kawale Banja La Mtsogolo Dispensary,SnfOrypiyQj,POINT ,33.79514,-13.9915
Kawale Medical Services ,q4n2TvCdd9O,POINT ,33.79717,-13.99034
Kawale Urban Health Centre,d1WQftQ87x3,POINT ,33.79757,-13.99175
Kawamba Health Centre,flfOvLzldtj,POINT ,33.3393,-13.29575
Kaweche Health Centre,BRvHol84T4Q,,,
Kawinga Dispensary,ozdBwLyST0J,POINT ,35.57198,-14.85468
Kayelekera Health Centre,gUUDKKk5DPr,POINT ,33.684333,-9.967577
Kayembe Health Centre,HYqblaD619d,POINT ,33.58301,-13.64256
Kazyozyo Health Centre,q4bVkSStlsm,POINT ,32.863752,-13.575413
kch Administration Support Department,tBadX7ZB9Xc,,,
kch Dental Department,VcQaxDFCVSX,,,
kch ICU Theatre Department,VG3tXaAFnhX,,,
kch Laboratory Department,ZsbqAgD0L7d,,,
kch Medical Department,g699zwDjYsN,,,
kch Mixed Department,mSKoFY7pb5h,,,
kch Obs and Gynae Department,fOxzhQuzhf4,,,
kch Oncology Department (Cancer Centre),GGibsHr7fMh,,,
kch Ophthalmology Department,z51sML21fcH,,,
kch Paediatrics Department,bJ0QBPMuwpI,,,
kch Pharmacy Department,GUFsjOInEy9,,,
kch Physiotherapy Department,k9fTdEOliSN,,,
kch Radiology Department,Q97kz1e8AAf,,,
kch Surgical Department,vmFAlIXd0j1,,,
Khama Private Clinic,x647VZUetKI,POINT ,33.81686,-14.00916
Khasu Health Centre,y34yv5aEYeA,,,
Khola Health Centre,PYQecgNXvAc,POINT ,33.31649,-13.34447
Khombedza Health Centre,XcRAuC6ZPi0,POINT ,34.31111,-13.59695
Khondowe Health Centre,OxWyNMOFrbv,POINT ,34.21939,-11.07281
Khongoni Health Centre,W8j3MAkrJe4,POINT ,33.36761,-13.77451
Khonjeni Health Centre,UkXVvwCLQgO,POINT ,35.27129,-16.09692
Khosolo Health Centre,GVweqBeEYdR,POINT ,33.79133,-12.4402
Khungulu Health Centre,OJZfqWtdA8O,,,
Khuwi Health Centre,RgHJHBTtszj,POINT ,33.83367,-13.43192
Khuyukuyu Health Centre,q0KYGiBsenN,POINT ,33.91461,-11.22183
Koche Health Centre,O65d1uI6NGP,POINT ,35.14335,-14.33343
Kochilira Rural Hospital,sxgy4P0oUli,POINT ,33.04385,-13.78239
Kukalanga Dispensary,QOSmQ9gyzBp,POINT ,35.18031,-14.63744
Kunenekude Health Centre,tB6qZOxpIwC,POINT ,34.49142,-15.46467
Kwidu PVT Clinic,VJHQbpVe09H,,,
Kwitanda Health Centre,Z8EORvXbL8x,POINT ,35.093,-15.06495
Lafarge Cement Clinic,JDVeTXJTAq1,POINT ,35.02816,-15.79236
Lakeview Health Centre,s0oVNR4X97p,POINT ,34.55371,-14.64251
Lambulira Health Centre,fDKWlLdMpdy,POINT ,35.337,-15.4841
Lemwe Health Centre,HRNjqusGvXx,POINT ,33.34328,-13.88525
Lengwe Clinic(Illovo Private),bvTUezQA0ui,POINT ,34.7997,-16.20038
Lifeline Health Centre,IxcEPNvhmZx,POINT ,34.54437,-14.09219
Lifuwu Health Centre,BFn8OYQ5lyA,POINT ,34.58878,-13.67915
Lighthouse Foundation,sWWrrglyJ0M,,,
Lighthouse KCH,kR3EKghUNys,POINT ,33.78512,-13.97639
Ligowe Dispensary,gA0WGnhCnYt,POINT ,34.65182,-15.47368
Likangala Health Centre,LBeMMNRQSoU,POINT ,35.54461,-15.42787
Likuni Hospital,JquLSZgkHQ8,POINT ,33.70886,-14.02683
Lilongwe Central Hospital,cFiiWO0mSVO,POINT ,33.78586,-13.97686
Lilongwe City Assembly Chinsapo ,m6bNWBsRDsi,POINT ,33.73171,-14.01331
Lilongwe Health Clinic ,WgW57Jmd2oN,POINT ,33.76625,-13.96642
Lilongwe Private Clinic ,oBjbSOYLYR5,POINT ,33.7921,-13.93877
Limbe Diagnostic Centre,VDhjuZZi4GG,POINT ,35.05639,-15.81863
Limbe Health Centre,KVxcc4baK2p,POINT ,35.051775,-15.816967
Limbe Leaf Tobacco Clinic Lilongwe ,IEPmsKQJaGW,POINT ,33.80263,-13.89319
Limbe Leaf Tobacco ClinicLimbe,inRBKdag7Vs,POINT ,35.07035,-15.81361
Limbe MASM Clinic,oLKSaQ4gqL5,,,
Lingadzi Private Clinic ,no3kcRH6rEJ,POINT ,33.76003,-13.97384
Linyangwa Health Centre,z9yDHU0ZYQd,POINT ,33.3005,-13.14379
Lirangwe Health Centre,ZUMSlT5ZDCE,POINT ,35.029841,-15.529384
Lisungwi Health Centre,jBJ1nrUXKIu,POINT ,34.77838,-15.43557
Liuzi Health Centre,HYxgXNwy8Wn,POINT ,34.01572,-12.18971
Livwezi Health Centre,p4eKC1ZsXQ4,POINT ,33.679487,-12.893592
Liwaladzi Health Centre,TwUljmbTv4b,POINT ,34.16538,-12.62054
Liwonde Medical Clinic,pri4uEfpoMg,POINT ,35.22473,-15.06782
Lizulu Health Centre,yZVsJTXGxyZ,POINT ,34.46547,-14.51775
Lobi Health Centre,yEDgnTigUVO,POINT ,34.07182,-14.39034
Lodjwa Health Centre,MrIB1LvLmRs,POINT ,33.52947,-12.41898
Ludzi St Joseph's Mission Hospital,L42aUTBuigK,POINT ,32.99271,-13.75862
Lugola Health Centre,AcMkv28WWEO,POINT ,35.14285,-13.96144
Lujeri Health Centre,QmGoFNWfUFa,POINT ,35.65517,-16.02826
Lulanga Health Centre,iIwqmezZ9rs,POINT ,34.91742,-13.68744
Lulwe Health Centre,ftIjkXg1oCr,POINT ,35.11415,-17.08765
Lumbadzi Health Centre,UrNi47KXEKp,POINT ,33.80477,-13.77074
Lundu Health Centre,j94m3pNGJLw,POINT ,35.01282,-15.421776
Lungu Private Clinic,nF4bckRFYqv,POINT ,35.07883,-15.82999
Lungwena Health Centre,VdDtiG3fZ9A,POINT ,35.24804,-14.24501
Lunjika Health Centre,ssMcu8y2Kf3,POINT ,33.6858,-11.71451
Lunzu BLM,kcbyRaflph0,POINT ,35.02028,-15.65114
Lupembe Health Centre,haaT3dJc33b,POINT ,33.98778,-10.06628
Lura Health Centre,E1n8QFnk7M2,POINT ,34.04408,-10.72638
Lusangazi Dispensary,npu0OQlvf8P,POINT ,33.94291,-11.49979
Lutheran Mobile Clinic,NIkvOFVUcr0,,,
Luvwere Dispensary,qY3GH22ifOb,POINT ,33.6729,-11.38921
Luwalika Health Centre,qBxArP5yT1I,POINT ,35.46952,-14.23797
Luwani Health Centre,y3FF95NnZzl,POINT ,34.74241,-15.47981
Luwawa Health Centre,qRO40W7cmWx,POINT ,33.71943,-12.11337
Luwerezi Health Centre,upbCscjsSDs,POINT ,33.64119,-12.48825
Luwuchi Health Centre,Ie6bXE64qOA,POINT ,34.19353,-10.68353
Luzi Health Centre,p9HxhQYtEuW,POINT ,33.95583,-10.99681
Lwazi Health Centre,h7qFHIsVs04,POINT ,34.15115,-11.51864
Lwezga Health Centre,eXttdubBDLr,POINT ,34.17943,-10.56692
M'mambo Heaith Centre,PFhr83vxGgZ,POINT ,35.15945,-15.26264
Mabili Health Centre,vv5AP3nMhAz,POINT ,33.43,-12.24624
Machinga District Hospital,HN3xPrwEli4,POINT ,35.2263,-15.06229
Machinga Health Centre,cYYZv88xBL6,POINT ,35.29565,-15.1773
Machinjiri Health Centre,LtrODoKSSgr,POINT ,35.41707,-15.23666
Macro Blantyre ,ZZNgP1RcC8H,POINT ,35.02993,-15.80705
Macro kameza,AO3qMwTwOQv,,,
Macro Lilongwe ,dLEhItCFbai,POINT ,33.776,-13.99819
Macro Mzuzu ,n6SrNst4ONq,POINT ,34.00439,-11.4649
Madede Health Centre,p3frzwQQnXF,POINT ,33.29456,-11.53894
Madina Mobile Clinic,NTDKX0ejDoi,,,
Madisi Hospital,g9wv1lKcdzp,POINT ,33.60813,-13.40712
Madziabango Health Centre,JA9Ekal0Y2p,POINT ,34.908224,-15.967751
Maera Health Centre,gSVQoPw8dRz,POINT ,35.1315,-15.50987
Maere Health Centre,mmyOCoj42DP,,,
Mafco Health Centre,ael27YuIvji,POINT ,34.60338,-13.78419
Mafisi clinic,N2OEuMkn2z4,POINT ,35.25101,-16.06805
Maganga Health Centre,NPgTh8ar7Rg,POINT ,34.5591,-13.84681
Magareta Health Centre,NFqFeBSH2Re,POINT ,34.62836,-15.55083
Magomero Health Centre,MfSWVpArbHS,POINT ,35.26101,-15.56147
Mahowe Health Centre,TkKOmywmjVx,POINT ,33.690349,-10.183192
Majete 2 (Hunger)Health Centre,Tqy9Hzt0HYy,,,
Majete-3 (Hunger)Health Centre,vZcq1BL4eig,,,
Majete1 (Hunger) Health Centre,HHK489bchmI,POINT ,34.86368,-16.27045
Makanjira Health Centre,ogCJRAEA06f,POINT ,35.04704,-13.71591
Makapwa Health Centre,a6SFNf7F567,POINT ,35.27984,-16.18199
Makata Health Centre,eZfOjVQcd0e,POINT ,35.07964,-15.62996
Makhanga Health Centre,TRDY52stPkd,POINT ,35.17347,-16.5215
Makhetha Dispensary,tCNxro4FiTA,POINT ,35.069582,-15.783601
Makhwira Health Centre,fmm167XcK2T,POINT ,35.01065,-16.19483
Makiyoni Health Centre,H37Fo6H2Roi,POINT ,34.197,-13.58599
Makungwa Health Centre(Bvumbwe),q3B88KiRZ72,POINT ,35.02633,-15.93981
Makwapala Health Centre,ctDR10R37Rw,POINT ,35.4506,-15.36938
Makwasa Estate Clinic,joh9QZI3a96,POINT ,35.10564,-16.19476
Malabada Health Centre,SsBkD3XDOD7,POINT ,35.044791,-15.767722
Malambo Health Centre,kcEdNoW9QOb,POINT ,33.76244,-13.21307
Malamulo Day Clinic,MFvBkN5jzRF,POINT ,35.07471,-15.80361
Malamulo Hospital,UKeSrLQeuCm,POINT ,35.11011,-16.17155
Malawi Army Marine Camp Hospital ,Q7j0Yk4fDmo,POINT ,34.91684,-14.073
Maldeco Fisheries Clinic,fCSQlctoCLr,POINT ,35.1492,-14.3335
Malembo Health Centre,UKbySUaELNM,POINT ,34.82524,-14.23628
Malembo Health Centre (Lilongwe),tOaGG2xPLDm,POINT ,33.41507,-13.62006
Maleta Dispensary,m4T3Na0Ipsa,,,
Malidadi Health Centre,BvmZAEbFgHw,POINT ,33.49989,-11.22926
Malingunde Health Centre,lP4THWArWA7,POINT ,33.6397,-14.16887
Malmed Private Clinic,obDGwQJFj5d,POINT ,35.00747,-15.78655
Malombe Dispensary,n9kEwAvGSIu,POINT ,35.34912,-14.6305
Malomo Health Centre,mxfexio2lQ4,POINT ,33.83927,-13.14861
Malowa Health Centre,rKEqKuoGeKQ,POINT ,34.25165,-13.1816
Malukula Health Centre,dOgr5wPfLaq,POINT ,35.35582,-14.44362
Maluwa Health Centre,LL3TLeE40xi,POINT ,33.87364,-14.26287
Mama Khadija Health Centre,xdPgIAQLQ6L,POINT ,35.49405,-14.3708
Mangamba Health Centre,zt2Jzw6wUcc,POINT ,35.43652,-14.79145
Mangochi District Hospital,vGbcjNT1TSJ,POINT ,35.26527,-14.48191
Mangulenje Health Centre,GPslmIQyIyJ,POINT ,34.8544,-16.22227
Mangunda Health Centre,jkGTBAmFE1b,POINT ,35.26166,-16.02884
Manjawira Health Centre,FPDJqyOOb4I,POINT ,34.85709,-15.00254
Manolo Health Center,YpAyWUsXP6l,,,
Manyamula Health Centre,nDmSqHjGoHc,POINT ,33.43945,-11.94005
Maonde Health Centre,YK6aK071R8v,POINT ,34.11592,-14.4057
Mapanga Health Center,XrE6S137IUq,POINT ,35.01675,-16.03764
Maperera Health Centre,NlBOlQkhfk5,POINT ,34.9157,-16.10534
Mapeto DWS Clinic,ACgUJlruIQT,POINT ,35.03374,-15.79096
Maravi Health Centre,Ljx0uViQtRg,POINT ,35.14867,-15.83686
Mars Clinic ,z5QhXToeTgs,,,
Mary Lou Clinic,hUwwnJILHdu,,,
Masasa Health Centre,oAX2IuKUC7A,POINT ,34.42243,-14.4334
Mase Health Centre,c8uCPvKeeEM,POINT ,35.36386,-14.58096
Masenjere Health Centre,hj7sZWYuxTM,POINT ,35.09671,-16.33721
Masm Area 43 ,tqyiGsEE1FJ,,,
Masm Medi Clinic,LLrZXqItgML,,,
Masm Medi Clinic Katoto ,CwXx44tbXVF,POINT ,33.99535,-11.47111
Masm Medi Clinic Lilongwe ,g9sKqV981QU,POINT ,33.81007,-13.9319
Masm Medi ClinicLimbe ,GQGxBnLrP91,,,
Matanda Health Centre,iVOnl6X10Ym,POINT ,34.66845,-15.10516
Matandani Health Centre,JKAFWLrwdji,POINT ,34.65321,-15.33071
Matapila Health Centre,nyBn1aFSTnl,POINT ,33.97509,-14.01108
Matawale Urban Health Centre,yREVcFcXe3h,POINT ,35.35958,-15.39029
Matekenya Health Centre,jeNQSrVSj0c,,,
Matiki Health Centre,bfDs0dTM81U,POINT ,34.15464,-12.49874
Matiya Health Centre,omQ3TWOHcDR,POINT ,35.5478,-15.53371
Matope Health Centre,GjNQ12Y2l0F,POINT ,34.94732,-15.3537
Matuli Health Centre,WIiA3ENQI5A,POINT ,33.89613,-11.48513
Matumba Health Centre,I5QjWlvvwsI,POINT ,33.90594,-14.37283
Maula Health Centre,W423FAKdyEK,POINT ,34.23514,-11.73518
Maula Prison Health Centre Static Art,sPwxCzvUtia,,,
Mauwa Health Centre,F6BWHBSv59O,POINT ,35.2498,-15.65283
Mauwa Maternity,BU12lO6ynbT,POINT ,35.2498,-15.65283
Mayaka Health Centre,JQgSk2DFvqZ,POINT ,35.3728,-15.57355
Mayani Health Centre,U3ExHCyHDEZ,POINT ,34.24281,-14.09697
Mazabuka Medical Centre ,DbMbDgGQzLw,,,
Maziko Private Clinic ,zR84MQKJlj4,,,
Mazunga Private Clinic,xNJfdetFsOO,,,
Mbabvi Health Centre,rwyqKbu6sVj,POINT ,33.67087,-13.92808
Mbalachanda Health Centre,aLanDLYSxOP,POINT ,33.37133,-11.35738
Mbalama Health Centre,bH9LR1iMj5b,,,
Mbalanguzi Dispensary,gRtggG07luV,POINT ,35.16672,-16.251
Mbang'ombe 1 Health Centre,AsETHxlmpIL,POINT ,33.71382,-13.73673
Mbang'ombe 2 Health Centre,rX8JkNx4U0A,POINT ,33.37942,-14.16945
Mbanila Health Centre,ELXUlTxf8K3,,,
Mbayani Health Center,ojywW0LnOe6,POINT ,35.004616,-15.765569
Mbenje Health Centre,GMxiZxppgwD,POINT ,35.22079,-16.99464
Mbera Health Centre,vHwtNk0Bvmi,POINT ,35.05326,-14.91088
Mbingwa Health Centre,rpW9v5wCsE6,POINT ,33.51485,-13.54425
Mbiza Health Centre,dmGyp0vetoz,POINT ,35.34602,-16.0929
Mbonechera Health Centre,iTzui2UcI8o,POINT ,35.47818,-14.88932
Mbulumbudzi Health Centre,SrQ8y7MhCE6,POINT ,35.15687,-15.63834
Mbulumbudzi Maternity,ERVjuHPNT3l,POINT ,35.11578,-15.83562
Mbwatalika Health Centre,KRmwm560Ldo,POINT ,33.5507,-14.00387
Mc Quire Wellness Health Centre,cPOF4KdmFAR,,,
Mchacha Dispensary,dttzdNvXHa5,POINT ,35.15991,-16.49151
Mchima Clinic,HC3bsEmqOGP,POINT ,35.14018,-16.11388
Mchinji District Hospital,dFFBYFnomxH,POINT ,32.88716,-13.80273
Mchoka Health Centre,c6WcEY1TXnq,POINT ,34.48984,-13.92593
Mdeka Health Centre,fQCAaNl0UMA,POINT ,34.942566,-15.468134
Mdeza Dispensary,jJwUNjSxgTS,POINT ,33.9677,-14.23517
MDF Secondary School Clinic,ECwzZkt3Rop,,,
Mdunga Heallth Centre,H3xKaK0d3or,POINT ,33.8519,-12.9931
Mehboob Health Centre,V9Zm1LU1stx,,,
Merit Private Clinic,qXsVFrRN4BB,,,
Mfera Health Centre,gMuqGSS8knm,POINT ,34.86724,-16.06818
Mganja Maternity,qb1Mj9bHSca,POINT ,34.52305,-14.42048
Mhalaunda Health Centre,inDCxEh9onL,POINT ,33.46656,-12.05118
Mhuju Rural Hospital,QrpvZldV7rA,POINT ,33.99765,-10.86685
Mianga estate clinic,oXXbb8WAC4h,POINT ,35.07553,-16.09883
Midzemba Dispensary,zq5yo5iRvsL,,,
Migowi Health Centre,PHIvzmuxq0q,POINT ,35.68542,-15.71922
Mikolongwe Health Centre,ZEhFEU99s7M,POINT ,35.18367,-15.90149
Mikondo Dispensary,fQgxgDx2iHA,POINT ,33.93951,-14.44767
Mikundi Health Centre,rAdbHKHrveg,POINT ,33.13825,-13.707966
Mikuyu Adult Clinic,yuC98hzOJTH,,,
Mikuyu Young Clinic,TCQVqqZMDUA,,,
Milepa Health Centre,MH3qGNRGA9d,POINT ,35.31818,-15.68713
Milonde Health Centre,C3eAtbe8AQW,POINT ,35.47826,-16.10264
Mimosa Dispensary,YOhdb5QWf3k,POINT ,35.61263,-16.08574
Ming'Ongo Health Centre,MCQRoU5bKZ7,POINT ,33.44838,-14.07479
Minimini Dispensary,f8vxxriQ29H,,,
Misamvu Dispensary,YDYPFwMDHNj,POINT ,35.04739,-16.76255
Misomali Health Centre,WPueOTAiLN1,POINT ,34.5372,-16.03775
Misuku Health Centre,XnBB0NztocS,POINT ,33.52076,-9.67977
Mitsidi Health Centre(Lumbira),xEhYcXNLUVr,POINT ,34.96873,-15.77702
Mitundu Rural Hospital,aVmCsQGN0r1,POINT ,33.77465,-14.24776
Mjini Dispensary,QRur3iZGQxE,POINT ,34.23867,-14.04457
Mkanda Health Centre,FexDaTn0HFG,POINT ,32.96083,-13.514656
Mkango Dispensary,je3gS5u3q51,POINT ,35.30408,-16.82472
Mkhota R Growth Health Centre,F17kSj3t4iD,POINT ,33.34348,-13.56651
Mkhuzi Health Centre,K4fSBUiEBEX,POINT ,33.77662,-13.36646
Mkhwayi Health Centre,tRNfX43j5Mv,POINT ,35.62787,-15.61457
Mkoma Health Centre,y1zhkY1SAE9,POINT ,33.7824,-12.61235
Mkomaola Health Centre,NTtMGoNspg9,,,
Mkumba Health Centre,XQ14A9f2j8N,POINT ,35.52517,-14.5946
Mkwepere Health Centre,RQYBvIXGsDY,POINT ,35.63635,-14.60286
Mlale Hospital,vlaK6dtRhxj,POINT ,33.75658,-14.23011
Mlambe Hospital,cmCppSqIlzN,POINT ,35.017358,-15.644676
Mlanda Health Centre,IvqvjIvVBaK,POINT ,34.45988,-14.47886
Mlangali Dispensary,a6eACcAs40A,POINT ,34.27274,-14.41322
Mlangeni Health Centre,ONmU8CWhzv9,POINT ,34.53672,-14.67662
Mlangeni Police Health Centre,ObGhlP39lGg,POINT ,34.53325,-14.68292
Mlare Dispensary,o9B8rTitcGn,POINT ,34.03591,-10.173
Mlodza SDA Dispensary,HYVLnrx75IO,POINT ,33.8175,-14.007222
Mlolera Womens Clinic ,ElXrgGgPfvw,POINT ,33.76703,-13.95102
Mlolo Dispensary,SlyRIl4cwOF,POINT ,35.1525,-16.41959
Mlomba Health Centre,OUiAuB0Uc7D,POINT ,35.47708,-15.01903
Mlowe Health Centre,GSQ5TnX3yuJ,POINT ,34.19488,-10.76429
Mndinda Health Centre,uYi2L6Go4Qf,POINT ,34.05675,-13.2474
Mnyanja Health Centre,mwyB6seePPU,POINT ,33.486167,-12.710138
Monkey-Bay Community Hospital,rJjuBGDDPrG,POINT ,34.91104,-14.08468
Moyale Barracks Health Centre ,S9XMFfakFVw,POINT ,34.03829,-11.45976
Moyo Private Clinic,u2ZvvPBhM7q,,,
Moyo Wanga Pvt clinic,LGJ7Iyq5M8U,,,
Mpala Health Centre,w8qa58C9FGk,POINT ,35.52479,-16.14386
Mpamantha Health Centre,YEVlg1UBA5H,POINT ,34.25224,-13.06926
Mpamba Health Centre,cHhZC34cSCl,POINT ,34.19727,-11.54697
Mpasa Health Centre,Kxv4oNJw7DU,POINT ,35.61142,-15.7579
Mpata Health Centre,n7QRqzjmhbr,POINT ,33.81525,-9.96062
MPC Bwaila ART CLINIC,zpInaIow7TF,,,
Mpemba Health Centre,d9yZ10QgeOl,POINT ,34.956435,-15.874953
Mpepa / Chisinga Health Centre,GJhhq8K1EBF,POINT ,33.326917,-12.622028
Mphathi Health Centre,KCFtEvMrZ3Z,POINT ,34.07683,-14.45516
Mphelero Health Centre,x6VWLw7WSUB,,,
Mphepozinai Dispensary,D2lOPiKippv,POINT ,34.66115,-14.73586
Mpherembe Health Centre,XazLGbIHFsc,POINT ,33.61431,-11.28806
Mphopha Health Centre,hS2sYnTQbU3,POINT ,34.07305,-11.00662
Mphunzi Health Centre,eXOvuYIG9YP,POINT ,34.17539,-14.37933
Mpingo Health Centre,WaVNBxhEraz,POINT ,34.913597,-15.881789
Mpiri Health Centre,rl3pWoEjBn3,POINT ,35.60801,-14.77192
Mpondasi Health Centre,AUDheLXTT2U,POINT ,35.24387,-14.45347
Mponela Rural Hospital,ueVjB10KIyz,POINT ,33.73713,-13.53264
Mposa Health Centre,tLsbScHkeRF,POINT ,35.51849,-15.14906
Msaka Dispensary,VFjaTYD2PvB,,,
Msakambewa Health Centre,jgFPtgYE3C8,POINT ,33.89719,-13.55296
Mseche Clinic,kEalcH7WPX0,,,
Msenjere Health Centre,dE9wie8cYJB,POINT ,34.17062,-12.73248
Msese Health Centre,Um1JMpMYGpE,POINT ,33.74002,-12.35951
MSF,H4Z2KpgOKhY,,,
Msonthe Clinic,R8oMSzJ1Txe,POINT ,35.6944377,-14.760225
Msumbe Health Centre,hLuqNN1enth,POINT ,33.67563,-9.75123
Mtakataka Health Centre,wtmWonh9GZt,POINT ,34.51474,-14.22745
Mtakataka Police Health Centre,Fo4Nu1Khoqq,POINT ,34.51119,-14.22581
Mtende Health Centre,o0hX9ak46oU,POINT ,33.54894,-11.49724
Mtendere Health Centre,r0KnLCBcTr3,POINT ,34.09373,-14.32271
Mtengoumodzi Private Hospital,P4mpxuxgOZW,POINT ,35.01637,-15.7245
Mtengowanthenga Dream Project ,HkbvKBQFM6B,,,
Mtengowanthenga Hospital,s79dCXbcoCA,POINT ,33.77623,-13.67165
Mtenthera Health Centre,TIa8uoFjhcd,POINT ,34.00567,-14.10884
Mtimabii Health Centre,U0L0TzkTg4Y,POINT ,35.08273,-14.61111
Mtonda Health Centre,PxcYX4fmgXB,POINT ,34.75144,-15.02
Mtosa Health Centre,tlqs0jOTw9o,POINT ,34.27365,-13.43876
Mtunthama Health Centre,PbfmrMdVBs3,POINT ,33.68209,-13.03145
Mtwalo Health Centre,JeL4xvlOwsv,POINT ,33.74591,-11.39671
Mua Health Centre,CpJKFMjPNUc,,,
Mua Mission Hospital,niNbaFnNCgp,POINT ,34.50972,-14.28307
Mulanje District Hospital,Nepy3vH3e6g,POINT ,35.50785,-16.02549
Mulanje Mission Hospital,MKIDkeCfVCc,POINT ,35.46436,-16.02103
Mulibwanji Hospital,GjCDed8EK8B,POINT ,35.58797,-14.51145
Mulomba Health Centre,ijqBzVGbncx,POINT ,35.51182,-15.76535
Muloza Health Centre,P5U57FLrPxL,POINT ,35.76226,-16.06252
Muluma Dispensary,jHjfJQsvt47,POINT ,34.6355,-14.71894
Mulungu Alinafe Health Centre,YpOsxnyWD67,POINT ,35.81552,-15.85719
Mumbwe Medical Centre ,atRsAeYj8bo,POINT ,34.02599,-11.46115
Mvera Mission Health Centre,QKnbzIuwFb6,POINT ,34.12876,-13.73673
Mvera Support Battalion Health Centre,aockNsOfjIt,POINT ,34.1398,-13.77963
Mwachira Private Clinic,f2PAHAHGZS4,POINT ,35.02158,-15.65548
Mwaiwathu Private Hospital,YGIGbwqnA9M,POINT ,35.01691,-15.78547
Mwandama Health Centre,jyoWzEvm0XC,POINT ,35.18803,-15.49803
Mwanga Health Centre,Js5P9ZU5K6r,POINT ,35.53221,-15.64632
Mwangala Health Centre,ZctUHvWm292,POINT ,33.9234,-13.48744
Mwansambo Health Centre,Rf1rrKDqc9l,POINT ,34.11877,-13.30698
Mwanza District Hospital,ojR8a0Xu9A3,POINT ,34.50998,-15.59118
Mwanza Illovo Clinic,dviOrlXivOL,POINT ,34.88065,-16.1894
Mwaya Health Centre,aqRm9wq0aIA,POINT ,34.07603,-11.97658
Mwayi Private,i14i0hgyT2B,,,
Mwazisi Health Centre,JeN3ydrU4lR,POINT ,33.5792,-10.94356
Mwima Health Centre,iQmvSbGhycA,,,
Mzalangwe Health Centre,tca66OfpOph,POINT ,33.5651,-11.61228
Mzambazi Rural Hospital,L0obMixrYsw,POINT ,33.45031,-11.42764
Mzandu Health Centre,zbzy1EAHemL,POINT ,34.02738,-13.48916
MZCH Administration,aqXXwPBKm5w,,,
MZCH Anaesthesia,qpTxZ9rVSM1,,,
MZCH Dental,JEQMfmkXD7t,,,
MZCH Finance,rS3100micWB,,,
MZCH HDU,EQcW1vRvimd,,,
MZCH Health Technical Support Services,orwhH7mOd1V,,,
MZCH Human Resources,p3KWpkPzZE3,,,
MZCH ICU,Pac7eCYnh3A,,,
MZCH Internal Medicine,GxyJ1rhBJ5b,,,
MZCH Medical Rehabilitation,woxoVqcOSS8,,,
MZCH Mortuary,N9KEEZcocfi,,,
MZCH Nutrition,b3a8xY9DTLQ,,,
MZCH Obs and Gynae,Un609cy5Wxt,,,
MZCH Oncology,itHrcZFDWcK,,,
MZCH One Stop Centre,QKYpoFi4mxL,,,
MZCH Opthalmology,zhMjLQ4wqyF,,,
MZCH Orthopaedic,MStDtqzWNLS,,,
MZCH Paediatric,UVp6BE5BvG3,,,
MZCH Surgical Department,Ijjz00EAb72,,,
MZCH Theatre,eUSjlrkXxaj,,,
Mzenga Health Centre,DCafjM4Ew3G,POINT ,34.07401,-11.73249
MZH AETC,Z9eQMdFHCOd,,,
MZH Paying Ward,cSy0ziWTpJx,,,
MZH Short Stay,tsMtNUcvRPT,,,
Mzimba District Hospital,H58PMzo9Xii,POINT ,33.58421,-11.89805
Mziza Health Centre ,GaqkYT3AgFn,POINT ,33.50405,-13.27941
Mzokoto Health Centre,bYR9HESsWKd,POINT ,34.02735,-10.90777
Mzuzu Central Prison ,eywf2mgdPPI,POINT ,34.01991,-11.46474
Mzuzu Police Dispensary,sJQF7WPP2Ck,,,
Mzuzu University Clinic ,rHtjCrmXd7e,POINT ,33.99564,-11.42175
Mzuzu Urban Health Centre,cQ41y2ym2RV,POINT ,34.01518,-11.46138
Nainunje Health Centre,UlGsSjoERdc,POINT ,35.56503,-14.7406
Naisi Health Centre,ncRCRH1homB,POINT ,35.3849,-15.35785
Nakalanzi Health Centre,yRUuIksTiLm,POINT ,34.54819,-14.20233
Nalunga Health Centre,jcUguNrYDmp,POINT ,34.0567,-13.64378
Namadidi Dispensary,bHXisKRaXOR,POINT ,35.24736,-15.41079
Namadzi Health Centre,bthDRjgyzgo,POINT ,35.18761,-15.54663
Namalaka Health Centre,JRwvE3EiDuo,POINT ,35.19301,-14.12384
Namandanje Health Centre,KEPMWjMdxDG,POINT ,35.48324,-14.88211
Namanja Health Centre,XG7w56VzqMn,POINT ,35.67994,-14.96543
Namanolo Health Centre,spgBSrohYPo,POINT ,35.19004,-15.00071
Namasalima Health Centre (Mulanje),asiPyqS8rHs,POINT ,35.71573,-16.08016
Namasalima Health Centre (Zomba),mR7n2aiuf2m,POINT ,35.48876,-15.23142
Nambazo Health Centre,AyarnjnokWg,POINT ,35.81566,-15.55919
Nambiti II Health Centre,FIHIYv39yqU,POINT ,35.76392,-15.80293
Nambuma Health Centre,qlkyWX9EEaw,POINT ,33.55789,-13.72409
Namikango Health Centre,AWytIG2qdwP,POINT ,35.24056,-15.47723
Namikoko Health Centre,sTjTxJqSCWE,POINT ,35.07379,-15.48651
Naming'omba estate clinic,VLJsrQrzivg,POINT ,35.08996,-16.04009
Namisu Dispensary,zgQjvfvY38A,POINT ,34.78138,-15.08352
Namitambo Health Centre,TArV024FtcH,POINT ,35.27019,-15.84113
Namizana Dispensary,OAXUYKyVuIz,POINT ,33.246444,-14.001925
Namphungo Health Centre,PxkHQqgxweP,POINT ,35.3491,-15.80407
Namulenga Health Centre,uLVlUIL4rlD,POINT ,35.32718,-15.86563
Namwera Health Centre,SjXKV0RvdBG,POINT ,35.50221,-14.3637
Nancholi Dispensary,Q90Za7zl8zB,POINT ,35.58667,-14.47803
Nancholi YO Palliative Care site,D5r4oBqr9BN,,,
Nandumbo Health Centre,tVpkUqyzg60,POINT ,35.22552,-14.85169
Nangalamu Health Centre,xSi6MZN3hAK,POINT ,35.67288,-14.48148
Nankhwali Health Centre,oS0WaJ5v6t4,POINT ,34.84488,-14.1351
Nankumba Health Centre,cnUCvDXttIv,POINT ,34.82361,-14.36521
NAPHAM Clinic,iQKnRKmqARP,,,
Naphimba Health Centre,akhqt6Z6B7x,POINT ,35.67854,-16.03628
Nasawa Health Centre,RicJ2qmCw3g,POINT ,35.25956,-15.6023
Nathenje Health Centre,AgYrPo8MW5I,POINT ,33.90823,-14.08504
Nayuchi Health Centre,fwctySB9ovz,POINT ,35.86726,-14.97585
Nchalo Hunger (MoH),nXFq0fzH08I,POINT ,34.83881,-16.28642
Ndakwela Health Centre,EdY8ZVRq9ST,POINT ,34.68896,-16.22357
Ndamera Health Centre,pSYB6OucIkn,POINT ,35.21902,-17.09569
Ndaula Health Centre,Pw6JwUkqdlF,POINT ,33.50757,-14.1385
Ndimoyo Palliative Care Centre,j49yi7OyTf6,,,
Ndirande BLM,zizB8oIwvOJ,POINT ,35.03081,-15.77364
Ndirande Urban Health Centre,M5ZUfC4v8GV,POINT ,35.03946,-15.7781
Ndunde Health Centre,YxzE6eiZh7V,POINT ,35.23355,-15.69615
Neno District Hospital,Rmh4wKR794k,POINT ,34.65349,-15.39524
Neno Parish Health Centre,I4Vox6oteWl,POINT ,34.60843,-15.43701
New Statehouse Dispensary,s0Wy1UgxpqI,POINT ,33.85089,-13.96051
Newa / Mpasazi Health Centre,XkcRltXu9tK,POINT ,33.38174,-12.58333
Ng'onga Health Centre,CyLPblDfB5N,POINT ,33.94348,-10.93922
Ngabu Rural Hospital,r1idesX7bX6,POINT ,34.89253,-16.45928
Ngabu SDA  Health Centre,yJV9qRDSt9V,POINT ,34.87901,-16.46516
Ngala Health Centre,tTaiG5Qrcyr,POINT ,34.06552,-12.36529
Ngana Health Centre,Cas9rlkSOQn,POINT ,33.69891,-9.62021
Ngapani Health Centre,VWvs8SJXcRe,POINT ,35.33773,-14.0296
Ngodzi Health Centre,LTFJhIOv3VP,POINT ,34.50896,-14.08926
Ngokwe Health Centre,UltcvVpNf8r,POINT ,35.80177,-14.70706
Ngoni Health Centre,U1sHpxxw4WH,POINT ,33.64018,-13.77509
Ngwelero Health Centre,grLzTEcg70S,POINT ,35.42718,-15.66645
Njereza Dispensary,cyoNyGB6GzX,,,
Njuyu Health Centre,CZXbHCpGcTW,POINT ,33.69953,-11.52455
Nkalo Health Centre,Phu68UfvSy0,POINT ,35.30997,-15.97065
Nkasala Health Centre,TOHfssdeOr9,POINT ,35.21661,-15.32778
Nkhalango Private Clinic,N4dbtgJAnhw,POINT ,33.70483,-14.01291
Nkhamenya Hospital,QcCfOxMgWJN,POINT ,33.50098,-12.56606
Nkhande Dispensary,cGvhk2ChRaA,POINT ,35.15688,-17.11489
Nkhata Bay District Hospital,Cr4BIZYc1Ks,POINT ,34.29872,-11.60159
Nkhatabay Private Clinic,UhakMoxPLoa,POINT ,34.29549,-11.60663
Nkhataombere Maternity,cW0qFAm1C3P,POINT ,35.2639,-16.3239
Nkhoma Hospital,wPja49DJa2A,POINT ,34.1036,-14.04389
Nkhorongo Health Centre,dz2aFcg1wHo,POINT ,33.98514,-11.3901
Nkhotakota District Hospital,eLLoifuK7RA,POINT ,34.27939,-12.92508
Nkhulambe Health Centre,IFWkUcZya9D,POINT ,35.74751,-15.85949
Nkhunga Health Centre,RQX6rnfUsBD,POINT ,34.10842,-12.48023
Nkhwazi Health Centre,BogAIA30ZjT,POINT ,33.226629,-13.923643
Nkomaula Health Centre,PY3CbMBy53P,POINT ,35.36672,-15.7211
Nkombedzi Health Centre,cjXYVRHJjQn,POINT ,34.88054,-16.27633
Nkope Health Centre,jrlOSjcDYGN,POINT ,35.03944,-14.19733
Nkula Health Centre,cfzBcWqPOoy,POINT ,34.82512,-15.52193
Nkula/Tedzani Clinic,OH6iMGjGTbZ,POINT ,34.786382,-15.560896
Nkumaniza Health Centre,bwhjLosc8k8,POINT ,34.72431,-16.47944
NRC,rIFUCMVM6i2,POINT ,33.67422,-14.02247
Nsabwe Dispensary,zUquZgXa6Rm,POINT ,35.2003,-16.33807
Nsambe Sda Health Centre,HxziIaDjatq,POINT ,34.6135,-15.26135
Nsanama Health Centre,DLSIRdTyKv3,POINT ,35.49477,-14.99491
Nsanje District Hospital,tVuIhivYk9N,POINT ,35.26001,-16.91794
Nsaru Health Centre,lxulWQBn6fT,POINT ,33.5043,-13.8855
Nsipe Health Centre,DZq9bb4C1Jn,POINT ,34.75233,-14.86434
Nsiyaludzu Health Centre,GYlTZXKcHxA,POINT ,34.87425,-14.93648
Ntaja Health Centre,Ybh0Ww4WWVx,POINT ,35.52911,-14.86828
Ntcheu District Hospital,irf8hxUohn5,POINT ,34.63823,-14.81698
Ntchisi District Hospital,qXwx6gQyNBv,POINT ,33.91061,-13.36345
Nthalire Health Centre,I6ZujG9AVcl,POINT ,33.64394,-10.34894
Nthenje Health Centre,mEYFrYZrHrN,POINT ,33.98786,-10.91788
Ntholowa Health Centre,VSHsslABmXE,POINT ,35.57325,-14.99492
Nthondo Health Centre (Lilongwe),yzgU0YKoHnq,POINT ,33.44849,-14.03153
Nthondo Health Centre (Ntchisi),xQBYdqlCMvU,POINT ,34.00699,-13.24723
Nthungwa Health Centre,qXonH3FiBYn,POINT ,33.80046,-11.66014
Ntonda Dispensary,mFPyswjy5p7,,,
Nyamanda Pvt Clinic,yqRWtPJP1BG,,,
Nyambadwe Private Hospital,CedL5WOqd2I,POINT ,35.02323,-15.77139
Nyambi Health Centre,ZD6zoYO03cf,POINT ,35.57257,-14.68999
Nyamithuthu Health Centre,zCPRlak2MqT,POINT ,35.19821,-16.68213
Nyanja Health Centre,BoFpWeZOB2l,,,
Nyungwe Health Centre,xr2MuALneJH,POINT ,34.10851,-10.28546
Nzama Health Centre,xiPaD8Vsm7n,POINT ,34.58597,-14.89375
Ofesi Health Centre,bWYHqt0OcHy,POINT ,33.54904,-12.77939
Osiyana Health Centre,OsVZF1G2tW7,,,
Padley Pio Health Centre,ZqRS6PkibPM,,,
Pakachere Clinic,SPjDsm1TcXq,,,
Paracchute dispensary,Y4g17ECjSHt,POINT ,34.58826,-13.74314
Partners In Hope Clinic Moyo Clinic (public),FHaAx124JwD,POINT ,33.78783,-14.02341
Partners In Hope ClinicDalitso Clinic(private),oAbzoo8jsNn,POINT ,33.78783,-14.02341
Pemba Health Centre,owYugg6oOSe,POINT ,34.556777,-13.885175
Pensulo Health Centre,xN8oZzMyC33,POINT ,34.956973,-15.807877
Phalombe Health Centre,zDFhyylZv3c,POINT ,35.64918,-15.80677
Phalombe Mission Holy Family Hospital,m03CECb09qZ,POINT ,35.61875,-15.82471
Phalula Health Centre,Xp3wYJuLYue,POINT ,34.89322,-15.22557
Phanga Dispensary,fzNTz7Gcejn,POINT ,34.72016,-14.34498
Phimbi Health Centre,OmkxKPS11ej,POINT ,35.10716,-15.25075
Phirilongwe Health Centre,IXMfufQaORA,POINT ,34.89938,-14.58847
Phokera Health Centre,t0NplMFqDph,POINT ,35.15663,-16.62831
Pim Health Centre,nCX7iqBMNwM,POINT ,35.1923,-15.75309
Pirimiti Health Centre,X3O5uAX04Z9,POINT ,35.45048,-15.48302
Police (Area 30) Dispensary,PbvsqIcWCec,POINT ,33.78419,-13.9279
Police College Dispensary,BVyPLf3Mm43,,,
Police College Health Centre ,xv1ibnyVokh,,,
Police Hospital,QwBJxR5kKa1,POINT ,35.32685,-15.39112
Polytechnic Clinic ,nFIyDVJHSgo,POINT ,35.02718,-15.80207
Press Cooperation Clinic,abwaidMcPpQ,POINT ,35.02311,-15.79762
PSI,NGuDniOCUN5,,,
qech Anaesthesia and Intensive Care Department,xR6l67TETM8,,,
qech Clinical Support Services,Cv9mzdDWJ4k,,,
qech Dental Department,ubxoYJhDkDr,,,
qech Management Department,wJh3Ny3R0Po,,,
qech Medical Department,hPt56azxpFU,,,
qech Neurosurgery Department,l3JLs9yhxbV,,,
qech Obs and Gynae Department,Xke4dPY463J,,,
qech Oncology department,W2dOG7yPSYg,,,
qech one stop centre,KrmJyodYZUR,,,
qech Ophthalmology Department,L3msdyyEwrq,,,
qech Orthopaedic Department,SwqpCcvs88O,,,
qech Paediatric Department,v7couup1r8U,,,
qech Paediatric Surgery,JmJ2730IHKf,,,
qech Rehabilitation & Palliative,p58inz2GiwQ,,,
qech Surgical Department,aXdTEa1tZyk,,,
Queen Elizabeth Central Hospital,UAl6raBTebe,POINT ,35.021,-15.80214
Raiply Clinic,G6HYLoDmHdT,POINT ,33.75598,-11.91644
Raiply Dispensary,uOxLo7wYTRA,POINT ,33.75598,-11.91644
River of Life Clinic,WU9qmsrke3o,,,
Ruarwe Health Centre,kKaGzpI0IKd,POINT ,34.23093,-11.11377
Rumphi District Hospital,ELlvUH7sci2,POINT ,33.85422,-11.01993
Ruo Dispensary,ZbuBESAP1bq,POINT ,35.66507,-16.08964
Sadzi Health Centre,BuyHhYha5dP,POINT ,35.31969,-15.40882
Salima District Hospital,D4HrpFEtQRq,POINT ,34.42199,-13.76214
Sambakusi Health Centre,VQ55OUjplL7,,,
Sambankhanga Health Centre,SykBimJT1V2,POINT ,35.09852,-16.13981
Sandama Health Centre,miqv8CSP673,,,
Sangilo Health Centre,r0Elt6wypHg,POINT ,34.21346,-10.51609
Sanjika Clinic,H64Mae6Suyl,POINT ,34.97288,-15.79267
Sankhulani Health Centre,xhQxgh1GSkX,POINT ,35.258889,-16.456861
Santhe Health Centre,B1gKsva7Nw4,POINT ,33.39378,-13.46712
Satemwa Clinic,S0KCNuAkdMR,POINT ,35.07692,-16.07641
Senga Bay Baptist Dispensary,ceJLGDr1eVI,POINT ,34.59749,-13.73887
Senzani Health Centre,FWZnvXYdJV6,POINT ,34.85783,-15.07865
Sharpe Valley Health Centre,Wwu7pZG2KuR,POINT ,34.7369,-14.61103
Shifa Private Clinic,CMTihDdVodi,POINT ,35.01045,-15.78715
Simlemba Health Centre,xcRa7FraazI,POINT ,33.6764,-12.74081
Sinyala Dispensary,OojoWe533hy,POINT ,35.57626,-14.58386
Sister Teleza Community Hospital,QJKJi4blhkg,POINT ,34.82815,-14.99902
Soche Maternity,AiR2MD63tCb,POINT ,35.02761,-15.85726
Soche SDA Dispensary,nKzxabl3RpR,POINT ,35.01977,-15.80918
Somba Health Centre,HrORTH4UNrp,POINT ,35.538212,-14.646869
Sorgin Health Centre,tWHl2Y9tGSe,POINT ,35.01159,-16.54278
Sos Childrens Village Blantyre,rrTE8OcL49T,POINT ,35.05823,-15.72562
SOS Clinic,qJRzJoylexL,POINT ,33.79275,-14.01976
South Lunzu Health Centre,OJhXyqgy2Qm,POINT ,35.05464,-15.726956
Sr Marthas Health Centre,hwx0GuqLuBN,POINT ,35.53555,-14.38531
Ssh Clinic,u9OaAjL9cih,POINT ,33.77328,-13.97345
St Andrews Community Hospital,WEXi1SR3Ps6,POINT ,33.67114,-13.03263
St Annes Health Centre,fA5VQVs3L2A,POINT ,34.21188,-10.41184
St Augustin Anglican Clinic (Shayona),VQ1v5jwMz7G,,,
St Gabriels Hospital,M438IpmrFy5,POINT ,33.35128,-13.98418
St Johns Mission Hospital,DJ8gHyjgiVL,POINT ,34.02806,-11.45161
St Johns of God Mental Hospital,Q9p5l8Liv8c,POINT ,34.01381,-11.45571
St Josephs Mission Hospital(Nguludi),jm5VShYSJ35,POINT ,35.16825,-15.80173
St Josephs Mitengo Health Centre,plC4nwLdlbf,POINT ,35.24591,-16.11123
St Lukes Hospital,rohhSzKgCbr,POINT ,35.35291,-15.20914
St Martin Hospital,RfcuOXpbcam,POINT ,35.29375,-14.34759
St Martins Molere Health Centre,POK4qrJEUda,POINT ,35.13552,-16.21758
St Mary's Community Hospital,iwNUT99k69Z,,,
St Montfort Hospital,a8NecI8jzqL,POINT ,34.86831,-16.25716
St Patricks Health Centre(Rumphi),F5rBhJR8YzL,POINT ,33.87319,-11.02297
St Peters (Likoma) Rural Hospital,CsyzgID0Nif,,,
St Peters Hospital,rLCi8itMAng,POINT ,34.692261,-11.262098
St Vincent Health CentreChadzunda,q4hK217Rtbr,POINT ,34.94984,-15.91421
St. Annes Mission Hospital,pqKNCtpevif,POINT ,34.29554,-12.92747
St. Clara Health Centre,cYi9ukX5eZt,,,
St. Faith Health Centre,TfUBwEL4ESW,POINT ,33.7952,-12.92886
St. John of God Mental Hospital (Lilongwe),yftleYsvzyI,,,
St. Kizito Dispensary,ZEdyB0IvOj3,,,
State House Dispensary,CKRqkhgVqwJ,POINT ,35.31027,-15.38153
Sukasanje Health Centre,pix1qzSosTb,POINT ,35.76603,-15.93038
sunrise clinic,hyQSe6rVikw,,,
Tachira Private Clinic ,PEHVxojxzOF,POINT ,33.72849,-14.01916
Tcharo Health Centre,BU7rorTM59N,POINT ,34.22225,-10.96193
Tedzani Clinic,PfE0xKirf0K,POINT ,34.786382,-15.560896
Tedzani Escom Clinic,sKN6JyTFe9M,,,
Tembwe Health Centre,tfkK9FkHh3n,POINT ,33.062315,-13.901216
Tengani Health Centre,O4OnTZDe6YW,POINT ,35.27015,-16.73308
Thambani Health Centre,OfoB1qVuiwI,POINT ,34.39953,-15.72609
Thavite Health Centre,or37YlPVkxQ,POINT ,34.26122,-13.498
The Clinic,oF4LyJn1q4E,POINT ,33.76415,-13.98495
Theatre For Change Clinic,G5c744Vg7aq,,,
Thekerani Rural Hospital,INxuyEdPFCm,POINT ,35.20741,-16.32104
Thembe Health Centre,Y06YIhXv9wY,POINT ,35.43417,-16.08703
Thomas Health Centre,TKKQUXqRrrr,POINT ,34.97881,-16.02878
Thondwe Health Centre,WSD1egGlSlf,POINT ,35.23696,-15.48458
Thonje Health Centre,V75SGRWLZNR,POINT ,34.23725,-13.72624
Thuchila Health Centre,xIfDdYzRS5G,POINT ,35.36119,-15.91917
Thumbwe Health Centre,tlDXiuRLOpw,POINT ,35.24849,-15.76823
Thunduwike Health Centre,O6DhPzoQAUm,POINT ,33.57636,-11.17665
Thunga Health Centre,RCNInuIslmh,POINT ,35.06532,-16.00096
Thyolo District Hospital,Obpw5vLlCtg,POINT ,35.14806,-16.06937
Tikondane Private Clinic,Kash20S32hR,,,
Tiyese Private Maternity ,lrb5YjvXHcf,POINT ,34.16295,-14.29613
Trinity - Fatima Hospital,iRQXiwCxsE8,POINT ,35.17154,-16.41919
Tsangano Health Centre,rLjop5TPyxt,POINT ,34.61117,-15.17401
Tsoyo Dispensary,NZE1wxbWvTa,POINT ,34.16138,-14.08098
Tukombo Health Centre,WzvT614Stek,POINT ,34.054283,-12.083223
Tulonkhondo Health Centre,UDVA59g76b9,POINT ,34.52277,-15.7496
Ukwe Health Centre,Q8nVnVo1NOY,POINT ,33.60129,-13.82586
Ulongwe Health Centre,GlTM0PVLNMX,POINT ,35.17734,-14.86247
Umoyo Private Clinic,c07BSKSIfAF,,,
Umunthu Foundation,S9hz5mgJUjI,,,
UNC,vaCqY6Cv5G4,,,
Unilever South East Company Clinic,m6YZsECSfOK,POINT ,35.06091,-15.80439
United Bus Company Clinic,FPRoiJAvYTh,,,
Usisya Health Centre,Wh3m13Uzsn7,POINT ,34.20941,-11.2394
Utale 1 Health Centre,uKJ1hfxCykV,POINT ,35.06424,-15.17774
Utale 2 Health Centre,cPO0zV087kQ,POINT ,35.239334,-14.930853
Vibangalala Dispensary,BtjLFnqUPEj,POINT ,33.48619,-12.23433
Vizara Dispensary,duwtTjuHUih,POINT ,34.26115,-11.66656
Wandikweza Health Centre,YWpsZDMTUed,POINT ,33.617826,-13.435191
Waruma Health Post,uBmhSlPGXCC,POINT ,35.55093,-15.77085
Wenya Health Centre,M7TlHaVIPLz,POINT ,33.56344,-10.11286
Wezi Medical Centre ,yr54vCUBTIZ,,,
Wiliro Health Centre,kUmwU0N12O7,POINT ,33.61404,-9.89312
Wimbe Health Centre,bPKUlNCxhvT,POINT ,33.68694,-12.99126
World Medical Fund ,bLAoLBIwbSn,POINT ,34.28338,-12.91536
Yankho Private Clinic,TLPAp986efZ,,,
zalewa Dispensary,NW5K84KJ4xp,POINT ,34.8504,-15.44995
Zch  Other stand alone,VYfQekEKBIZ,,,
Zch Aenaesthesia & Intesive care department,HN4CYqvaz2x,,,
Zch Dental department,cDCaEJPNMiV,,,
Zch Dermatology,aHZkp6KyuD7,,,
Zch Medical department,v0T5VTooRPO,,,
Zch Obs and Gyna department,IJmW4oX63UE,,,
Zch Opthalmology,xtnqzBUBo3g,,,
Zch Orthopaedic department,ulVyxasEb0Y,,,
Zch Paediatric deparment,CiDTMMjTXxC,,,
Zch Surgical department,DOwQkYSluOZ,,,
Zilindo Health Centre,P3bvgqs7mIQ,POINT ,35.3013,-15.3805
Zingwangwa BLM Clinic,g9d246Hnb7w,POINT ,35.01171,-15.81847
Zingwangwa Urban Health Centre,gTkYqxfVTM0,POINT ,35.01197,-15.8214
Zoa Dispensary,i6PjWckrs7y,POINT ,35.31992,-15.38903
Zoa Health Centre,iaUfnrbzQ9d,POINT ,35.19992,-16.23764
Zolozolo Health Centre,B9FD1zCgB3t,,,
Zomba Central Prison Clinic,A8FCrw9vdEI,POINT ,35.31248,-15.39611